scenario_id,stressor_count,stressors,active_goals,eligible_for_chfg,default_feasible,capability_failure,resource_failure,any_permitted_response_feasible,first_feasible_selection,fuel_service_capacity,response_team_capacity,mobilization_capacity,default_fuel_service_demand,default_response_team_demand,default_mobilization_demand,road_access,usable_facility,communications
S01,1,coastal_storm,shelter_continuity,not_applicable,yes,no,no,yes,shelter_continuity=mobile_generator_shelter,12.0,12.0,12.0,2.5,1.5,2.0,available,available,available
S02,1,flooding,dewatering;emergency_mobility,not_applicable,yes,no,no,yes,dewatering=diesel_pump_toolkit;emergency_mobility=contingency_bus_fleet,13.0,12.0,11.0,4.5,4.0,5.0,available,available,available
S03,1,power_outage,critical_power,not_applicable,yes,no,no,yes,critical_power=portable_generator_deployment,12.0,13.0,13.0,3.0,1.5,2.0,available,available,available
S04,2,coastal_storm;flooding,shelter_continuity;dewatering;emergency_mobility,yes,yes,no,no,yes,shelter_continuity=mobile_generator_shelter;dewatering=diesel_pump_toolkit;emergency_mobility=contingency_bus_fleet,12.0,11.0,10.0,7.0,5.5,7.0,available,available,available
S05,2,coastal_storm;power_outage,shelter_continuity;critical_power,yes,yes,no,no,yes,shelter_continuity=mobile_generator_shelter;critical_power=portable_generator_deployment,11.0,12.0,12.0,5.5,3.0,4.0,available,available,available
S06,2,coastal_storm;transport_disruption,shelter_continuity,yes,no,yes,no,yes,shelter_continuity=fixed_quick_connect_shelter,12.0,12.0,7.0,2.5,1.5,2.0,unavailable,available,available
S07,2,coastal_storm;fuel_disruption,shelter_continuity,yes,yes,no,no,yes,shelter_continuity=mobile_generator_shelter,7.0,12.0,12.0,2.5,1.5,2.0,available,available,available
S08,2,flooding;power_outage,dewatering;emergency_mobility;critical_power,yes,yes,no,no,yes,dewatering=diesel_pump_toolkit;emergency_mobility=contingency_bus_fleet;critical_power=portable_generator_deployment,12.0,12.0,11.0,7.5,5.5,7.0,available,available,available
S09,2,flooding;transport_disruption,dewatering;emergency_mobility,yes,no,yes,no,no,,13.0,12.0,6.0,4.5,4.0,5.0,unavailable,available,available
S10,2,flooding;fuel_disruption,dewatering;emergency_mobility,yes,yes,no,no,yes,dewatering=diesel_pump_toolkit;emergency_mobility=contingency_bus_fleet,8.0,12.0,11.0,4.5,4.0,5.0,available,available,available
S11,2,power_outage;transport_disruption,critical_power,yes,no,yes,no,yes,critical_power=fixed_generator_at_critical_site,12.0,13.0,8.0,3.0,1.5,2.0,unavailable,available,available
S12,2,power_outage;fuel_disruption,critical_power,yes,yes,no,no,yes,critical_power=portable_generator_deployment,7.0,13.0,13.0,3.0,1.5,2.0,available,available,available
S13,3,coastal_storm;flooding;power_outage,shelter_continuity;dewatering;emergency_mobility;critical_power,yes,yes,no,no,yes,shelter_continuity=mobile_generator_shelter;dewatering=diesel_pump_toolkit;emergency_mobility=contingency_bus_fleet;critical_power=portable_generator_deployment,11.0,11.0,10.0,10.0,7.0,9.0,available,available,available
S14,3,coastal_storm;flooding;transport_disruption,shelter_continuity;dewatering;emergency_mobility,yes,no,yes,yes,no,,12.0,11.0,5.0,7.0,5.5,7.0,unavailable,available,available
S15,3,coastal_storm;flooding;fuel_disruption,shelter_continuity;dewatering;emergency_mobility,yes,yes,no,no,yes,shelter_continuity=mobile_generator_shelter;dewatering=diesel_pump_toolkit;emergency_mobility=contingency_bus_fleet,7.0,11.0,10.0,7.0,5.5,7.0,available,available,available
S16,3,coastal_storm;power_outage;transport_disruption,shelter_continuity;critical_power,yes,no,yes,no,yes,shelter_continuity=fixed_quick_connect_shelter;critical_power=fixed_generator_at_critical_site,11.0,12.0,7.0,5.5,3.0,4.0,unavailable,available,available
S17,3,coastal_storm;power_outage;fuel_disruption,shelter_continuity;critical_power,yes,yes,no,no,yes,shelter_continuity=mobile_generator_shelter;critical_power=portable_generator_deployment,6.0,12.0,12.0,5.5,3.0,4.0,available,available,available
S18,3,coastal_storm;transport_disruption;fuel_disruption,shelter_continuity,yes,no,yes,no,yes,shelter_continuity=fixed_quick_connect_shelter,7.0,12.0,7.0,2.5,1.5,2.0,unavailable,available,available
S19,3,flooding;power_outage;transport_disruption,dewatering;emergency_mobility;critical_power,yes,no,yes,yes,no,,12.0,12.0,6.0,7.5,5.5,7.0,unavailable,available,available
S20,3,flooding;power_outage;fuel_disruption,dewatering;emergency_mobility;critical_power,yes,no,no,yes,yes,dewatering=diesel_pump_toolkit;emergency_mobility=contingency_bus_fleet;critical_power=fixed_generator_at_critical_site,7.0,12.0,11.0,7.5,5.5,7.0,available,available,available
S21,3,flooding;transport_disruption;fuel_disruption,dewatering;emergency_mobility,yes,no,yes,no,no,,8.0,12.0,6.0,4.5,4.0,5.0,unavailable,available,available
S22,3,power_outage;transport_disruption;fuel_disruption,critical_power,yes,no,yes,no,yes,critical_power=fixed_generator_at_critical_site,7.0,13.0,8.0,3.0,1.5,2.0,unavailable,available,available
