stress_severity_multiplier,eligible_scenarios,default_failures,chfg,scenarios_with_feasible_permitted_response,contingency_coverage
0.500,19,9,0.473684,15,0.789474
0.625,19,9,0.473684,15,0.789474
0.750,19,9,0.473684,15,0.789474
0.875,19,9,0.473684,15,0.789474
1.000,19,10,0.526316,15,0.789474
1.125,19,12,0.631579,13,0.684211
1.250,19,12,0.631579,13,0.684211
1.375,19,13,0.684211,12,0.631579
1.500,19,13,0.684211,12,0.631579
1.625,19,13,0.684211,12,0.631579
1.750,19,15,0.789474,11,0.578947
1.875,19,16,0.842105,7,0.368421
2.000,19,16,0.842105,7,0.368421
